date,1. open,2. high,3. low,4. close,5. volume
2021-10-25 20:00:00,1024.4,1030.4,1022.55,1030.0,109966.0
2021-10-25 19:00:00,1018.0,1024.98,1018.0,1024.6,69514.0
2021-10-25 18:00:00,1027.27,1029.5,1017.02,1018.13,120912.0
2021-10-25 17:00:00,1024.86,1033.75,1024.86,1027.17,617351.0
2021-10-25 16:00:00,1021.01,1030.69,953.0,1024.86,7972107.0
2021-10-25 15:00:00,995.9601,1045.02,995.04,1021.01,15168991.0
2021-10-25 14:00:00,990.22,997.7,987.17,996.1599,4183575.0
2021-10-25 13:00:00,974.66,998.7399,971.5716,990.25,8617563.0
2021-10-25 12:00:00,972.75,975.3399,960.2301,974.6699,5192164.0
2021-10-25 11:00:00,953.0,979.8,944.2,972.75,9643240.0
2021-10-25 10:00:00,949.1,970.84,944.8,953.0001,9141170.0
2021-10-25 09:00:00,939.248,953.19,928.0,949.0,495163.0
2021-10-25 08:00:00,931.8,953.0,928.0,948.0,681904.0
2021-10-25 07:00:00,931.69,934.38,930.5,932.0,73697.0
2021-10-25 06:00:00,921.8,932.0,921.8,931.75,111286.0
2021-10-25 05:00:00,913.98,921.82,910.01,921.59,53740.0
2021-10-22 20:00:00,908.98,909.25,908.45,909.25,27488.0
2021-10-22 19:00:00,909.6,909.6,908.75,908.99,13392.0
2021-10-22 18:00:00,909.99,909.99,908.63,909.6,24598.0
2021-10-22 17:00:00,909.68,910.22,909.58,909.9,526071.0
2021-10-22 16:00:00,904.85,910.0,903.5401,909.5,3187972.0
2021-10-22 15:00:00,905.6127,908.63,903.57,904.92,1979350.0
2021-10-22 14:00:00,903.79,906.75,903.132,905.655,1334690.0
2021-10-22 13:00:00,902.35,907.88,900.6156,903.77,2018272.0
2021-10-22 12:00:00,905.1622,907.52,897.15,902.37,3210829.0
2021-10-22 11:00:00,904.84,910.0,903.7,905.08,4426449.0
2021-10-22 10:00:00,895.8,905.3,890.96,905.0,5232814.0
2021-10-22 09:00:00,897.0,898.88,895.22,896.0,127917.0
2021-10-22 08:00:00,898.41,898.8,895.22,896.0,58209.0
2021-10-22 07:00:00,896.66,899.0,896.61,898.8,10820.0
2021-10-22 06:00:00,898.7,899.4,896.98,896.98,8601.0
2021-10-22 05:00:00,891.5,899.7,891.5,898.0,40713.0
2021-10-21 20:00:00,890.65,891.5,888.05,888.88,57647.0
2021-10-21 19:00:00,890.0,890.98,889.5001,890.9,26006.0
2021-10-21 18:00:00,891.5,891.75,889.8,890.0,42175.0
2021-10-21 17:00:00,894.0,895.25,888.0,891.49,315150.0
2021-10-21 16:00:00,894.3499,895.8,891.67,893.6,3271524.0
2021-10-21 15:00:00,889.89,895.0,889.49,894.35,2023150.0
2021-10-21 14:00:00,894.26,894.5,889.1,889.8657,1937407.0
2021-10-21 13:00:00,891.8899,896.25,888.72,894.4499,2581348.0
2021-10-21 12:00:00,897.64,898.77,888.15,891.5801,4329152.0
2021-10-21 11:00:00,881.79,900.0,881.62,897.505,8623987.0
2021-10-21 10:00:00,853.97,888.5,853.52,881.9899,7434026.0
2021-10-21 09:00:00,856.0001,856.5,850.3,854.0,196814.0
2021-10-21 08:00:00,856.01,856.5,852.23,852.23,72009.0
2021-10-21 07:00:00,857.74,857.74,855.32,856.5,8800.0
2021-10-21 06:00:00,859.64,859.86,856.8,856.8,8055.0
2021-10-21 05:00:00,856.59,859.6,853.33,859.1,35691.0
2021-10-20 20:00:00,855.06,855.15,851.59,851.8,149195.0
2021-10-20 19:00:00,859.2,860.75,855.0,855.0,117440.0
2021-10-20 18:00:00,860.06,864.94,857.99,859.01,345741.0
2021-10-20 17:00:00,865.8,875.4,853.0,860.0,1454511.0
2021-10-20 16:00:00,866.34,866.3999,862.86,865.79,2401599.0
2021-10-20 15:00:00,866.29,867.4899,864.51,866.27,1135410.0
2021-10-20 14:00:00,866.62,867.0,861.05,866.39,1540268.0
2021-10-20 13:00:00,868.09,868.15,865.07,866.615,756530.0
2021-10-20 12:00:00,864.19,868.24,863.52,867.9775,1207323.0
2021-10-20 11:00:00,862.16,869.49,860.601,864.057,2330760.0
2021-10-20 10:00:00,866.9,866.9,857.38,862.16,2187085.0
2021-10-20 09:00:00,863.2998,867.0,862.11,866.2517,91172.0
2021-10-20 08:00:00,862.13,864.69,862.12,863.0,49083.0
2021-10-20 07:00:00,862.89,862.89,860.37,861.99,4601.0
2021-10-20 06:00:00,860.55,862.4,858.5,862.4,13115.0
2021-10-20 05:00:00,860.12,864.49,860.02,860.85,19401.0
2021-10-19 20:00:00,865.19,865.28,862.66,862.66,35269.0
2021-10-19 19:00:00,865.7,865.89,865.0,865.2,19304.0
2021-10-19 18:00:00,865.5,865.99,865.0,865.75,39782.0
2021-10-19 17:00:00,864.27,866.4,863.03,865.5,423103.0
2021-10-19 16:00:00,869.47,870.6642,862.7499,864.16,2439420.0
2021-10-19 15:00:00,874.5,874.64,868.09,869.54,1417934.0
2021-10-19 14:00:00,871.7481,875.97,871.65,874.53,1559969.0
2021-10-19 13:00:00,870.7,873.619,869.75,871.71,1610608.0
2021-10-19 12:00:00,870.269,871.5,866.88,870.549,1803923.0
2021-10-19 11:00:00,864.65,871.5499,862.51,870.28,3637669.0
2021-10-19 10:00:00,876.56,878.5,864.61,864.62,3767628.0
2021-10-19 09:00:00,877.85,878.5,867.935,876.5,183703.0
2021-10-19 08:00:00,878.3,878.5,876.31,877.7,113650.0
2021-10-19 07:00:00,878.0,878.5,877.7,878.5,11976.0
2021-10-19 06:00:00,878.6,880.0,877.99,878.5,17854.0
2021-10-19 05:00:00,874.7,879.0,874.7,879.0,36496.0
2021-10-18 20:00:00,871.93,872.24,871.52,872.0,31529.0
2021-10-18 19:00:00,872.35,872.7,871.02,871.88,28699.0
2021-10-18 18:00:00,872.3,872.49,870.11,872.35,843871.0
2021-10-18 17:00:00,870.11,872.96,869.5601,872.3,424292.0
2021-10-18 16:00:00,872.59,873.68,867.5,870.11,3180038.0
2021-10-18 15:00:00,872.77,874.8899,870.54,872.535,2216282.0
2021-10-18 14:00:00,863.465,875.26,861.9001,872.84,3674441.0
2021-10-18 13:00:00,859.84,865.5,859.7201,863.44,2018493.0
2021-10-18 12:00:00,862.17,862.31,858.84,859.8314,2350719.0
2021-10-18 11:00:00,860.38,864.62,858.7,862.24,3390121.0
2021-10-18 10:00:00,850.57,862.91,849.61,860.38,4629253.0
2021-10-18 09:00:00,851.81,853.0,840.923,850.61,220994.0
2021-10-18 08:00:00,848.44,853.0,847.8,851.74,221221.0
2021-10-18 07:00:00,847.11,848.8,846.01,848.0,23485.0
2021-10-18 06:00:00,846.1,847.51,846.1,847.06,10934.0
2021-10-18 05:00:00,843.45,848.0,843.45,846.43,34809.0
2021-10-15 20:00:00,849.4,849.79,849.0,849.0,53402.0
2021-10-15 19:00:00,846.4999,849.68,846.25,849.63,65774.0
2021-10-15 18:00:00,845.03,846.85,844.8,846.0,68001.0
2021-10-15 17:00:00,843.03,845.5,842.4,845.02,350477.0
2021-10-15 16:00:00,834.1514,843.21,834.14,843.07,4599480.0
2021-10-15 15:00:00,832.8601,834.35,831.55,834.17,1165308.0
2021-10-15 14:00:00,832.5999,834.47,832.0,832.984,1065005.0
2021-10-15 13:00:00,833.61,834.16,831.32,832.51,1422944.0
2021-10-15 12:00:00,832.9,835.6,831.4,833.4538,2976539.0
2021-10-15 11:00:00,827.1,833.2299,824.43,832.865,3543579.0
2021-10-15 10:00:00,821.47,828.32,821.0,827.0583,2996900.0
2021-10-15 09:00:00,821.9855,822.49,816.275,821.5,57303.0
2021-10-15 08:00:00,821.25,822.49,821.11,821.85,49557.0
2021-10-15 07:00:00,821.41,821.41,821.0,821.0,1610.0
2021-10-15 06:00:00,822.01,822.01,821.0,821.1,6528.0
2021-10-15 05:00:00,820.0,822.78,820.0,822.0,24200.0
2021-10-14 20:00:00,818.49,819.75,818.31,819.7,34420.0
2021-10-14 19:00:00,818.43,818.5,818.2,818.25,8076.0
2021-10-14 18:00:00,818.3,818.5,817.51,817.8,10529.0
2021-10-14 17:00:00,818.32,818.35,817.46,818.32,408622.0
2021-10-14 16:00:00,819.17,819.28,816.57,818.01,1683372.0
2021-10-14 15:00:00,819.25,819.7799,817.92,819.18,944176.0
2021-10-14 14:00:00,819.1338,819.645,817.2501,819.35,1111896.0
2021-10-14 13:00:00,816.98,820.25,816.89,819.2,1777297.0
2021-10-14 12:00:00,815.85,817.5247,815.77,816.98,1413298.0
2021-10-14 11:00:00,817.43,817.68,814.3401,815.7,1984322.0
2021-10-14 10:00:00,817.18,817.84,813.3501,817.33,2008618.0
2021-10-14 09:00:00,817.4903,818.68,809.053,817.11,109718.0
2021-10-14 08:00:00,817.0,818.0,816.5,817.61,46179.0
2021-10-14 07:00:00,817.5,817.5,816.35,817.0,6557.0
2021-10-14 06:00:00,817.67,818.2,817.34,818.2,6521.0
2021-10-14 05:00:00,817.16,817.55,814.0,817.55,15047.0
2021-10-13 20:00:00,812.25,813.84,812.25,813.5,29569.0
2021-10-13 19:00:00,812.58,812.5999,812.0,812.3,19819.0
2021-10-13 18:00:00,810.6,812.6,810.6,812.6,51322.0
2021-10-13 17:00:00,811.08,811.65,810.5,810.8,142034.0
2021-10-13 16:00:00,809.83,815.41,808.5,811.27,3400851.0
2021-10-13 15:00:00,809.84,811.62,808.04,809.885,1124888.0
2021-10-13 14:00:00,808.5333,811.05,807.815,809.93,1005932.0
2021-10-13 13:00:00,810.5,810.5499,807.0,808.6,1034905.0
2021-10-13 12:00:00,807.55,811.9,807.15,810.39,1835237.0
2021-10-13 11:00:00,809.8,810.17,806.355,807.7199,2217250.0
2021-10-13 10:00:00,808.9,811.79,805.78,809.25,2639582.0
2021-10-13 09:00:00,811.2,812.46,803.706,809.0,160666.0
2021-10-13 08:00:00,810.36,812.47,809.05,810.5,69238.0
2021-10-13 07:00:00,812.76,812.89,809.99,810.01,20134.0
2021-10-13 06:00:00,812.19,812.99,812.19,812.51,6012.0
2021-10-13 05:00:00,810.02,813.65,808.0,812.5,36717.0
2021-10-12 20:00:00,804.5,805.66,804.0,805.5,17902.0
2021-10-12 19:00:00,804.0,805.0,804.0,804.9,15850.0
2021-10-12 18:00:00,803.14,805.72,803.1,804.15,21674.0
2021-10-12 17:00:00,805.72,806.0,800.9,803.12,310852.0
2021-10-12 16:00:00,809.39,809.5,803.025,805.73,2820956.0
2021-10-12 15:00:00,809.73,812.32,809.1,809.26,2274522.0
2021-10-12 14:00:00,807.62,811.94,807.22,809.9662,1869591.0
2021-10-12 13:00:00,807.51,810.67,806.5,807.62,1772241.0
2021-10-12 12:00:00,804.52,808.7263,804.06,807.44,1641624.0
2021-10-12 11:00:00,805.79,809.39,801.5,804.4823,4056432.0
2021-10-12 10:00:00,801.4599,810.25,796.57,805.8499,5753510.0
2021-10-12 09:00:00,797.945,802.249,789.961,801.44,176798.0
2021-10-12 08:00:00,796.51,801.38,796.5,798.78,108566.0
2021-10-12 07:00:00,796.13,797.6,795.79,797.6,5699.0
2021-10-12 06:00:00,795.59,796.45,795.59,795.65,2103.0
2021-10-12 05:00:00,791.04,796.0,790.61,795.0,14196.0
2021-10-11 20:00:00,790.65,792.85,790.65,792.6,14826.0
2021-10-11 19:00:00,792.0,792.0,791.0,791.4,9303.0
2021-10-11 18:00:00,792.36,792.8,791.86,791.92,11463.0
2021-10-11 17:00:00,791.94,792.24,790.0,792.2,257354.0
2021-10-11 16:00:00,798.4723,799.44,791.51,791.67,2305870.0
2021-10-11 15:00:00,795.41,798.6799,793.86,798.4916,1337616.0
2021-10-11 14:00:00,795.26,795.37,791.69,795.355,1090220.0
2021-10-11 13:00:00,793.44,796.3699,791.82,795.12,1291932.0
2021-10-11 12:00:00,796.04,796.81,791.3201,793.61,1526148.0
2021-10-11 11:00:00,797.46,801.24,791.8,796.01,3132958.0
2021-10-11 10:00:00,785.5,799.3,785.06,797.43,2864438.0
2021-10-11 09:00:00,784.36,786.0,783.0,785.4,52316.0
2021-10-11 08:00:00,784.74,785.67,783.41,784.4,17201.0
2021-10-11 07:00:00,786.0,787.3,783.0,783.0,14977.0
2021-10-11 06:00:00,786.8,786.8,786.49,786.49,2833.0
2021-10-11 05:00:00,785.76,786.87,784.25,786.02,10162.0
2021-10-08 20:00:00,784.45,785.21,784.45,785.1,8481.0
2021-10-08 19:00:00,785.0,785.0,783.5,784.0,15342.0
2021-10-08 18:00:00,785.2,785.49,784.5,785.1,23898.0
2021-10-08 17:00:00,785.49,785.49,784.75,785.2,212787.0
2021-10-08 16:00:00,787.4623,793.63,784.47,785.5155,3185283.0
2021-10-08 15:00:00,786.5,788.57,785.0301,787.44,1136805.0
2021-10-08 14:00:00,785.4501,787.1,783.8348,786.24,790146.0
2021-10-08 13:00:00,782.81,789.5,781.89,785.5507,1903181.0
2021-10-08 12:00:00,783.7065,787.3799,782.2985,782.81,2117147.0
2021-10-08 11:00:00,783.4,789.4899,780.91,783.75,3441308.0
2021-10-08 10:00:00,796.25,797.44,783.2,783.33,3395828.0
2021-10-08 09:00:00,795.1691,798.34,792.1,796.268,186532.0
2021-10-08 08:00:00,792.0,796.02,791.15,794.35,50542.0
2021-10-08 07:00:00,791.0,792.06,790.49,791.5,2415.0
2021-10-08 06:00:00,788.5,789.0,787.0,789.0,2466.0
2021-10-08 05:00:00,793.51,793.51,789.5,789.64,8222.0
2021-10-07 20:00:00,791.5,792.0,789.18,790.0,45776.0
2021-10-07 19:00:00,794.32,794.8,787.01,790.5,96820.0
2021-10-07 18:00:00,795.2399,796.69,793.61,794.6,96304.0
2021-10-07 17:00:00,793.61,796.0,791.34,795.24,1148007.0
2021-10-07 16:00:00,803.8741,803.8741,792.32,793.57,4585747.0
2021-10-07 15:00:00,786.83,805.0,786.22,803.72,4152575.0
2021-10-07 14:00:00,786.95,788.15,786.0801,786.8786,881370.0
2021-10-07 13:00:00,787.675,787.8,785.4401,787.02,988176.0
2021-10-07 12:00:00,787.71,789.63,785.93,787.7,1324636.0
2021-10-07 11:00:00,787.2799,789.84,785.25,787.61,2286498.0
2021-10-07 10:00:00,788.8,788.89,783.38,787.09,2559451.0
2021-10-07 09:00:00,789.33,791.3109,780.794,788.51,103849.0
2021-10-07 08:00:00,790.0,791.55,788.12,789.6,73513.0
2021-10-07 07:00:00,789.6,790.01,789.4,790.0,6850.0
2021-10-07 06:00:00,789.3,789.7,788.6,788.6,3778.0
2021-10-07 05:00:00,788.25,791.0,787.0,789.73,31412.0
2021-10-06 20:00:00,783.74,784.76,783.0,783.74,22776.0
2021-10-06 19:00:00,782.45,784.27,782.41,783.5,27717.0
2021-10-06 18:00:00,782.02,782.75,781.7,782.5,188502.0
2021-10-06 17:00:00,782.75,782.75,780.34,781.8,124232.0
2021-10-06 16:00:00,781.51,783.35,778.2535,782.53,1711204.0
2021-10-06 15:00:00,782.2,784.3999,780.6506,781.615,1211063.0
2021-10-06 14:00:00,778.3,783.66,776.0527,782.15,1238888.0
2021-10-06 13:00:00,784.7501,785.14,776.51,778.21,1462843.0
2021-10-06 12:00:00,784.5,786.66,779.01,785.08,1817517.0
2021-10-06 11:00:00,776.405,785.5,773.22,784.53,3336363.0
2021-10-06 10:00:00,772.4949,786.23,772.4949,776.45,2910887.0
2021-10-06 09:00:00,772.59,778.639,770.68,772.03,107286.0
2021-10-06 08:00:00,770.0,773.0,769.99,772.68,84479.0
2021-10-06 07:00:00,767.51,770.11,767.5,768.99,9916.0
2021-10-06 06:00:00,769.46,770.0,765.16,767.51,28451.0
2021-10-06 05:00:00,771.38,773.3,769.0,769.5,30153.0
2021-10-05 20:00:00,780.7,780.9,779.94,780.0,29195.0
2021-10-05 19:00:00,781.18,781.45,780.38,780.8,9540.0
2021-10-05 18:00:00,781.75,781.75,780.65,781.2,9492.0
2021-10-05 17:00:00,780.59,781.0,780.0,781.0,140287.0
2021-10-05 16:00:00,782.82,785.75,780.2,780.6,1942460.0
2021-10-05 15:00:00,780.63,786.54,779.63,782.8376,1817010.0
2021-10-05 14:00:00,778.07,780.7136,774.2,780.5895,1826044.0
2021-10-05 13:00:00,781.3198,784.0,777.37,778.15,2037745.0
2021-10-05 12:00:00,791.07,791.16,778.8,781.22,2655855.0
2021-10-05 11:00:00,795.265,796.3899,788.15,791.02,3407419.0
2021-10-05 10:00:00,786.8,797.31,782.0,795.1924,3882322.0
2021-10-05 09:00:00,781.53,788.5,779.577,786.5,64159.0
2021-10-05 08:00:00,788.49,788.5,785.52,787.0,55391.0
2021-10-05 07:00:00,789.0,789.0,787.0,787.0,5891.0
2021-10-05 06:00:00,789.5,792.0,788.65,788.65,26370.0
2021-10-05 05:00:00,783.37,789.5,783.37,789.5,21747.0
2021-10-04 20:00:00,781.95,781.95,781.3,781.5,22768.0
2021-10-04 19:00:00,780.5,782.85,780.5,782.0,23909.0
2021-10-04 18:00:00,780.255,781.0,778.99,780.5,36284.0
2021-10-04 17:00:00,781.53,781.9,780.01,780.01,136635.0
2021-10-04 16:00:00,783.5,788.36,777.49,781.59,3272890.0
2021-10-04 15:00:00,782.0901,787.4,780.05,783.2601,1930831.0
2021-10-04 14:00:00,779.44,783.43,776.12,782.25,2414516.0
2021-10-04 13:00:00,787.2295,788.5099,779.25,779.6,2342976.0
2021-10-04 12:00:00,792.35,793.0,782.69,787.2,3705526.0
2021-10-04 11:00:00,803.81,806.9699,785.67,792.57,7722025.0
2021-10-04 10:00:00,797.99,804.55,791.0,804.14,7020705.0
2021-10-04 09:00:00,798.05,802.5,773.282,798.0,419193.0
2021-10-04 08:00:00,797.5,802.5,795.5,798.06,424379.0
2021-10-04 07:00:00,795.23,798.49,794.86,797.55,63550.0
2021-10-04 06:00:00,788.6,795.0,788.34,795.0,50785.0
2021-10-04 05:00:00,785.05,789.5,783.66,788.3,57124.0
2021-10-01 20:00:00,775.1,775.48,775.0,775.0,10684.0
2021-10-01 19:00:00,774.86,775.0,774.7,774.91,11291.0
2021-10-01 18:00:00,774.62,775.0,774.6,774.93,36954.0
2021-10-01 17:00:00,775.22,775.5,774.1235,774.64,578921.0
2021-10-01 16:00:00,775.38,777.49,772.0,775.22,2508310.0
2021-10-01 15:00:00,767.5,776.3399,767.25,775.1501,1711974.0
2021-10-01 14:00:00,770.4201,773.19,766.83,767.4,1467808.0
2021-10-01 13:00:00,775.8,776.15,769.2,770.53,1633908.0
2021-10-01 12:00:00,770.87,779.61,769.0301,775.7077,2541521.0
2021-10-01 11:00:00,768.28,771.35,763.59,770.9052,3408401.0
2021-10-01 10:00:00,779.6,780.78,766.745,768.1814,2291470.0
2021-10-01 09:00:00,779.1274,781.2743,773.0,778.6,68192.0
2021-10-01 08:00:00,773.79,782.0,773.06,778.4,73769.0
2021-10-01 07:00:00,771.58,772.99,771.58,772.99,8365.0
2021-10-01 06:00:00,771.0,771.0,771.0,771.0,520.0
2021-10-01 05:00:00,770.0,772.64,768.89,772.64,12682.0
2021-09-30 20:00:00,775.5,776.45,775.01,775.13,22551.0
2021-09-30 19:00:00,775.2,776.0,775.0,775.0,23651.0
2021-09-30 18:00:00,774.74,775.99,774.49,774.98,19576.0
2021-09-30 17:00:00,775.48,775.95,774.0,774.74,236503.0
2021-09-30 16:00:00,781.33,782.6,775.0,775.12,2561991.0
2021-09-30 15:00:00,784.85,789.0,781.09,781.09,2145686.0
2021-09-30 14:00:00,780.25,785.64,779.6901,784.84,1558748.0
2021-09-30 13:00:00,781.3,781.8,777.77,780.16,1650698.0
2021-09-30 12:00:00,780.4,787.4599,778.3301,781.25,2522816.0
2021-09-30 11:00:00,783.495,789.1305,778.7,780.46,3375280.0
2021-09-30 10:00:00,782.94,786.8399,776.21,783.79,2937241.0
2021-09-30 09:00:00,781.0,783.75,779.357,782.82,32796.0
2021-09-30 08:00:00,781.35,783.88,781.0,783.4,35375.0
2021-09-30 07:00:00,782.5,783.5,779.0,780.9,15198.0
2021-09-30 06:00:00,784.74,785.0,774.0,780.4,42365.0
2021-09-30 05:00:00,785.0,785.03,784.0,784.0,12753.0
2021-09-29 20:00:00,778.35,780.98,777.6,779.9,18111.0
2021-09-29 19:00:00,776.9,779.8799,776.31,778.4,29940.0
2021-09-29 18:00:00,781.27,781.31,776.52,777.2999,191859.0
2021-09-29 17:00:00,781.31,781.97,780.7,781.0,82223.0
2021-09-29 16:00:00,783.665,785.4,779.5,781.3,3103161.0
2021-09-29 15:00:00,774.9779,784.75,774.3901,783.73,2599814.0
2021-09-29 14:00:00,775.04,778.75,771.45,775.0589,1864020.0
2021-09-29 13:00:00,782.38,784.4454,770.68,775.0,2971319.0
2021-09-29 12:00:00,790.77,790.88,778.8104,782.1801,3075370.0
2021-09-29 11:00:00,788.54,793.5,786.7148,790.6241,3426760.0
2021-09-29 10:00:00,783.0,790.55,779.1,788.5,2984359.0
2021-09-29 09:00:00,784.0399,785.83,775.617,783.74,108532.0
2021-09-29 08:00:00,783.52,784.99,782.0,784.46,46708.0
2021-09-29 07:00:00,784.95,785.94,784.1,784.16,15769.0
2021-09-29 06:00:00,784.0,786.32,784.0,784.95,12936.0
2021-09-29 05:00:00,785.0,785.03,781.0,784.0,35746.0
2021-09-28 20:00:00,774.25,775.8,773.25,774.0,27977.0
2021-09-28 19:00:00,774.5,775.53,772.79,773.88,14674.0
2021-09-28 18:00:00,776.78,781.6,773.0,773.6,60232.0
2021-09-28 17:00:00,777.56,777.97,774.8,776.94,282999.0
2021-09-28 16:00:00,780.45,785.1893,777.03,777.56,4025091.0
2021-09-28 15:00:00,773.6101,781.78,766.1801,780.59,3849163.0
2021-09-28 14:00:00,778.05,781.46,773.2113,773.55,1709779.0
2021-09-28 13:00:00,779.5973,783.61,776.9,778.19,2062838.0
2021-09-28 12:00:00,782.5,783.2,775.02,779.53,2917477.0
2021-09-28 11:00:00,785.43,786.6499,776.52,782.5,4649580.0
2021-09-28 10:00:00,783.25,795.64,782.77,785.602,4456903.0
2021-09-28 09:00:00,783.0,789.382,778.81,783.75,144251.0
2021-09-28 08:00:00,778.7,783.78,778.57,783.1,130907.0
2021-09-28 07:00:00,777.01,778.99,776.21,778.0,21345.0
2021-09-28 06:00:00,778.5,780.5,777.0,777.0,17801.0
2021-09-28 05:00:00,781.44,781.62,775.26,778.73,56121.0
2021-09-27 20:00:00,788.1,788.15,786.0,786.98,42100.0
2021-09-27 19:00:00,790.45,790.69,788.2,788.2,23402.0
2021-09-27 18:00:00,790.01,791.01,790.0,790.44,28281.0
2021-09-27 17:00:00,791.36,792.0,788.28,789.6,419476.0
2021-09-27 16:00:00,797.85,799.0,789.62,791.4,3565079.0
2021-09-27 15:00:00,795.8799,798.3,793.65,797.87,2981028.0
2021-09-27 14:00:00,792.12,795.8675,791.3,795.755,2055766.0
2021-09-27 13:00:00,791.88,797.0,790.5,792.43,3557458.0
2021-09-27 12:00:00,784.51,792.93,783.61,791.975,4497579.0
2021-09-27 11:00:00,775.7349,785.329,769.31,784.51,5167150.0
2021-09-27 10:00:00,771.75,779.88,769.5,775.8599,4508281.0
2021-09-27 09:00:00,771.1001,773.75,768.49,771.5,259829.0
2021-09-27 08:00:00,773.44,773.5,769.5,771.28,94814.0
2021-09-27 07:00:00,772.85,775.0,771.5,772.09,21696.0
2021-09-27 06:00:00,776.89,777.51,773.62,773.62,18786.0
2021-09-27 05:00:00,774.0,777.79,774.0,777.25,27800.0
2021-09-24 20:00:00,773.96,774.3,773.3,773.75,19411.0
2021-09-24 19:00:00,774.2,774.34,773.77,773.98,12877.0
2021-09-24 18:00:00,773.5,774.9,773.31,774.5,37029.0
2021-09-24 17:00:00,774.39,775.0,773.0,773.45,325805.0
2021-09-24 16:00:00,769.24,774.8,768.4275,774.54,3995095.0
2021-09-24 15:00:00,765.4944,769.35,765.32,769.23,2421756.0
2021-09-24 14:00:00,766.92,767.1,764.34,765.42,1630993.0
2021-09-24 13:00:00,762.77,767.45,760.9501,766.9,2384525.0
2021-09-24 12:00:00,763.25,764.5799,759.8201,762.86,2749706.0
2021-09-24 11:00:00,751.0,765.8,749.97,763.165,5084198.0
2021-09-24 10:00:00,745.0,751.07,744.2,750.95,1898301.0
2021-09-24 09:00:00,745.762,751.756,744.03,745.0,123238.0
2021-09-24 08:00:00,746.61,747.5,745.25,746.15,34933.0
2021-09-24 07:00:00,745.38,746.5,745.38,746.2,5078.0
2021-09-24 06:00:00,747.27,747.27,745.13,745.5,6168.0
2021-09-24 05:00:00,750.0,750.0,745.2,747.0,16605.0
2021-09-23 20:00:00,752.98,753.6,752.55,752.8,12811.0
2021-09-23 19:00:00,753.11,753.33,752.17,753.0,9950.0
2021-09-23 18:00:00,753.01,753.51,753.01,753.5,3880.0
2021-09-23 17:00:00,753.64,753.95,753.0,753.25,68578.0
2021-09-23 16:00:00,754.0,755.3,752.69,753.68,1688319.0
2021-09-23 15:00:00,754.2201,755.22,752.59,753.84,1171400.0
2021-09-23 14:00:00,752.26,755.31,751.7,754.3,1503828.0
2021-09-23 13:00:00,749.44,753.68,748.33,752.325,1157909.0
2021-09-23 12:00:00,753.805,753.805,747.92,749.293,1747816.0
2021-09-23 11:00:00,753.64,755.4,751.5301,753.81,1971035.0
2021-09-23 10:00:00,756.0,758.2,752.45,753.56,2041306.0
2021-09-23 09:00:00,758.4927,759.6,756.0,756.0,90160.0
2021-09-23 08:00:00,757.0,759.8,757.0,757.45,47568.0
2021-09-23 07:00:00,758.0,758.8,756.68,756.99,12504.0
2021-09-23 06:00:00,758.05,759.0,757.76,758.28,12786.0
2021-09-23 05:00:00,756.04,758.45,755.99,757.54,16132.0
2021-09-22 20:00:00,752.0,754.6,752.0,754.6,20273.0
2021-09-22 19:00:00,751.5,751.85,751.21,751.83,4412.0
2021-09-22 18:00:00,751.51,751.94,751.25,751.66,10697.0
2021-09-22 17:00:00,751.94,751.94,751.2,751.5,228869.0
2021-09-22 16:00:00,747.15,753.6699,746.32,751.75,2565944.0
2021-09-22 15:00:00,747.33,752.2761,745.32,747.25,2662574.0
2021-09-22 14:00:00,747.71,749.13,746.75,747.33,936917.0
2021-09-22 13:00:00,748.705,749.86,747.2,747.775,1109970.0
2021-09-22 12:00:00,748.19,749.99,746.54,748.6909,1710475.0
2021-09-22 11:00:00,741.74,748.4,740.8301,748.115,2643546.0
2021-09-22 10:00:00,743.4,744.88,739.12,741.6,2027130.0
2021-09-22 09:00:00,743.4995,743.8,741.55,743.0,29738.0
2021-09-22 08:00:00,743.27,743.71,741.5,743.27,23303.0
2021-09-22 07:00:00,743.11,743.85,742.98,743.85,5732.0
2021-09-22 06:00:00,744.16,744.16,743.0,743.5,2905.0
2021-09-22 05:00:00,739.11,745.84,738.95,744.22,17305.0
2021-09-21 20:00:00,737.17,737.75,737.0,737.0,6670.0
2021-09-21 19:00:00,737.0,737.5,736.71,737.4,9811.0
2021-09-21 18:00:00,737.7,737.78,736.25,736.51,20961.0
2021-09-21 17:00:00,739.38,739.38,737.2,737.7,243520.0
2021-09-21 16:00:00,740.215,741.75,739.0801,739.38,1552040.0
2021-09-21 15:00:00,739.25,742.85,738.23,740.17,1745204.0
2021-09-21 14:00:00,741.5,742.33,738.1892,739.1998,1230144.0
2021-09-21 13:00:00,742.71,743.63,739.74,741.4623,1150972.0
2021-09-21 12:00:00,737.01,744.7399,735.82,742.655,2472186.0
2021-09-21 11:00:00,735.36,743.0099,734.68,737.01,3917904.0
2021-09-21 10:00:00,734.3,737.77,730.44,735.5,2716640.0
2021-09-21 09:00:00,734.0154,736.75,732.88,734.0,125175.0
2021-09-21 08:00:00,735.46,736.75,734.0,735.25,82339.0
2021-09-21 07:00:00,736.0,737.6,734.0,736.0,10879.0
2021-09-21 06:00:00,737.0,737.9,735.06,736.5,7564.0
2021-09-21 05:00:00,742.0,742.0,737.21,737.21,46008.0
2021-09-20 20:00:00,729.49,729.5,727.1099,728.96,31124.0
2021-09-20 19:00:00,729.45,729.85,728.6,729.0,9479.0
2021-09-20 18:00:00,729.3,730.0,729.3,729.45,270095.0
2021-09-20 17:00:00,730.17,730.27,728.05,729.67,514490.0
2021-09-20 16:00:00,721.0,730.5,718.6249,730.26,4053154.0
2021-09-20 15:00:00,729.12,730.24,719.61,721.1899,3347017.0
2021-09-20 14:00:00,729.62,731.51,728.21,729.0505,1601354.0
2021-09-20 13:00:00,728.38,732.92,725.2,729.36,2507357.0
2021-09-20 12:00:00,726.2,731.45,724.46,728.5,2720034.0
2021-09-20 11:00:00,734.62,738.55,726.0,726.32,3965729.0
2021-09-20 10:00:00,734.77,742.0,731.32,734.91,4092383.0
2021-09-20 09:00:00,744.0,747.7089,730.0,734.4501,490337.0
2021-09-20 08:00:00,744.03,747.13,741.11,742.0,165297.0
2021-09-20 07:00:00,742.95,745.01,742.95,743.65,19063.0
2021-09-20 06:00:00,744.7,744.7,741.26,742.95,22253.0
2021-09-20 05:00:00,750.0,750.0,741.11,745.0,68356.0
2021-09-17 20:00:00,759.1,759.38,758.75,759.12,6918.0
2021-09-17 19:00:00,759.0501,759.49,758.65,759.0,10409.0
2021-09-17 18:00:00,758.9799,760.0,758.85,759.4999,29895.0
2021-09-17 17:00:00,759.49,760.0,758.53,758.75,2297566.0
2021-09-17 16:00:00,753.67,760.75,753.6411,760.05,4993306.0
2021-09-17 15:00:00,754.36,754.75,750.13,753.56,1902235.0
2021-09-17 14:00:00,757.649,758.3899,752.5001,754.47,1493769.0
2021-09-17 13:00:00,751.87,758.4799,751.87,757.62,2131662.0
2021-09-17 12:00:00,754.95,755.97,750.0,751.8516,2204546.0
2021-09-17 11:00:00,759.3,760.88,753.75,754.95,2683424.0
2021-09-17 10:00:00,756.52,761.04,754.25,759.2895,3162194.0
2021-09-17 09:00:00,754.0,757.0,754.0,756.87,28846.0
2021-09-17 08:00:00,754.0,756.05,753.99,756.05,16576.0
2021-09-17 07:00:00,753.03,753.3,752.7,753.0,8362.0
2021-09-17 06:00:00,754.92,755.01,753.02,753.02,7633.0
2021-09-17 05:00:00,756.01,756.11,754.7,754.7,6688.0
2021-09-16 20:00:00,756.85,756.85,755.5,755.5,13396.0
2021-09-16 19:00:00,757.17,757.17,756.6001,756.9,5535.0
2021-09-16 18:00:00,756.58,757.5,756.58,757.3,16613.0
2021-09-16 17:00:00,756.99,757.2,752.181,756.32,280299.0
2021-09-16 16:00:00,754.91,758.91,754.87,756.91,2787948.0
2021-09-16 15:00:00,753.4,756.8,752.74,754.85,1920130.0
2021-09-16 14:00:00,752.8299,753.49,751.16,753.1901,722461.0
2021-09-16 13:00:00,751.0,753.45,750.0,752.82,1248988.0
2021-09-16 12:00:00,748.73,752.4199,748.66,750.98,1325794.0
2021-09-16 11:00:00,749.45,751.18,747.61,748.7765,2195684.0
2021-09-16 10:00:00,752.18,756.7194,748.15,749.6678,2404447.0
2021-09-16 09:00:00,752.852,754.0,751.1,752.2669,68623.0
2021-09-16 08:00:00,753.46,753.6,751.88,752.3,16240.0
2021-09-16 07:00:00,752.72,753.0,752.56,753.0,742.0
2021-09-16 06:00:00,751.2,753.0,751.2,753.0,2956.0
2021-09-16 05:00:00,752.0,753.24,751.1,752.0,15063.0
2021-09-15 20:00:00,755.14,755.83,755.12,755.79,16489.0
2021-09-15 19:00:00,755.3,755.35,755.0,755.2,6044.0
2021-09-15 18:00:00,755.03,755.23,754.55,755.0,8417.0
2021-09-15 17:00:00,755.83,755.83,754.5,755.11,157929.0
2021-09-15 16:00:00,753.99,756.86,745.01,755.87,2857516.0
2021-09-15 15:00:00,752.05,754.96,752.0,753.975,1834773.0
2021-09-15 14:00:00,751.17,752.8386,748.67,752.0701,1326908.0
2021-09-15 13:00:00,746.06,751.58,745.84,751.17,2383323.0
2021-09-15 12:00:00,743.87,746.14,741.6,746.0691,1638800.0
2021-09-15 11:00:00,740.71,745.5,738.36,743.72,2297815.0
2021-09-15 10:00:00,745.7,747.42,739.4,740.49,2053115.0
2021-09-15 09:00:00,743.017,746.0,741.75,745.4,42140.0
2021-09-15 08:00:00,746.0,746.0,743.0,743.8,17353.0
2021-09-15 07:00:00,746.0,746.05,745.0,745.8,4203.0
2021-09-15 06:00:00,747.1,747.1,747.1,747.1,135.0
2021-09-15 05:00:00,745.44,748.02,745.44,747.0,10021.0
2021-09-14 20:00:00,744.5,745.5,744.5,745.5,11304.0
2021-09-14 19:00:00,744.25,744.49,744.01,744.25,5778.0
2021-09-14 18:00:00,745.0,745.19,744.14,744.5,8686.0
2021-09-14 17:00:00,744.49,745.5999,743.8,745.15,105349.0
2021-09-14 16:00:00,739.9123,747.16,737.27,744.54,2732025.0
2021-09-14 15:00:00,742.06,743.73,736.4,739.95,2223753.0
2021-09-14 14:00:00,744.31,744.75,739.32,742.0628,1904676.0
2021-09-14 13:00:00,747.68,748.75,743.25,744.42,1483521.0
2021-09-14 12:00:00,745.79,749.87,745.55,747.8571,1806356.0
2021-09-14 11:00:00,752.1,754.47,744.59,745.835,3546528.0
2021-09-14 10:00:00,742.39,754.15,742.1,752.02,4023068.0
2021-09-14 09:00:00,740.256,743.59,738.25,742.0176,107498.0
2021-09-14 08:00:00,739.84,740.69,738.5,739.11,37169.0
2021-09-14 07:00:00,737.4,739.3,737.0,739.3,2054.0
2021-09-14 05:00:00,739.0,739.7,736.22,739.21,8578.0
2021-09-13 20:00:00,743.2,743.49,742.82,743.0,16416.0
2021-09-13 19:00:00,742.75,743.49,742.5201,743.2,11351.0
2021-09-13 18:00:00,743.55,743.99,742.75,742.84,14294.0
2021-09-13 17:00:00,743.0,744.0,742.12,743.5,244394.0
2021-09-13 16:00:00,739.72,744.78,736.1001,743.12,3069806.0
2021-09-13 15:00:00,732.66,740.73,732.0,739.7979,3126081.0
2021-09-13 14:00:00,730.68,733.27,729.04,732.54,1827802.0
2021-09-13 13:00:00,721.64,731.25,721.1601,730.6899,1806742.0
2021-09-13 12:00:00,723.71,728.3,719.6,721.46,2897266.0
2021-09-13 11:00:00,719.0,724.7,708.85,723.71,5066162.0
2021-09-13 10:00:00,741.4,741.88,718.2,719.08,4119116.0
2021-09-13 09:00:00,742.26,743.5,739.04,741.3,85178.0
2021-09-13 08:00:00,743.98,744.2,739.04,741.5,54390.0
2021-09-13 07:00:00,741.5,744.4,741.5,743.8,9567.0
2021-09-13 06:00:00,740.7,742.0,740.7,741.2,7733.0
2021-09-13 05:00:00,736.27,743.23,736.27,741.0,29241.0
2021-09-10 20:00:00,733.6,733.6,731.17,732.5,44346.0
2021-09-10 19:00:00,734.54,734.56,733.6,733.7,14486.0
2021-09-10 18:00:00,735.0,736.27,734.0,734.45,96721.0
2021-09-10 17:00:00,736.27,736.57,734.25,735.0,221548.0
2021-09-10 16:00:00,748.69,748.71,734.5201,736.24,3977721.0
2021-09-10 15:00:00,750.72,751.8,745.77,748.72,2067923.0
2021-09-10 14:00:00,754.45,755.4,750.3001,750.78,1432494.0
2021-09-10 13:00:00,754.175,755.88,753.26,754.3915,1154290.0
2021-09-10 12:00:00,755.76,756.37,753.5,754.14,1283455.0
2021-09-10 11:00:00,758.0,758.41,753.53,755.6701,2236400.0
2021-09-10 10:00:00,760.13,762.61,755.74,757.78,2138877.0
2021-09-10 09:00:00,758.9476,761.0,752.973,760.11,156614.0
2021-09-10 08:00:00,758.21,760.3,758.21,759.11,29911.0
2021-09-10 07:00:00,758.77,759.0,758.5,759.0,2331.0
2021-09-10 06:00:00,758.64,758.64,758.33,758.33,416.0
2021-09-10 05:00:00,755.56,760.1,755.56,759.2,17095.0
2021-09-09 20:00:00,753.6,754.0,753.21,753.85,9735.0
2021-09-09 19:00:00,753.52,754.2,753.0,753.6,11280.0
2021-09-09 18:00:00,753.58,754.86,752.25,753.5,143553.0
2021-09-09 17:00:00,754.86,754.88,753.5,754.0,110957.0
2021-09-09 16:00:00,756.2,757.249,754.15,754.58,1678074.0
2021-09-09 15:00:00,755.76,758.61,751.6301,756.138,2441182.0
2021-09-09 14:00:00,756.695,759.7299,754.72,755.8413,1539837.0
2021-09-09 13:00:00,755.3412,757.99,754.5,756.5166,982393.0
2021-09-09 12:00:00,758.19,759.3,753.7135,755.4212,1525899.0
2021-09-09 11:00:00,759.1476,762.1,755.3,757.975,2446171.0
2021-09-09 10:00:00,755.5,761.52,752.66,759.07,2752879.0
2021-09-09 09:00:00,751.01,755.8,750.0,755.5,67054.0
2021-09-09 08:00:00,750.5,754.21,749.13,753.27,31226.0
2021-09-09 07:00:00,749.24,750.95,749.24,750.5,1721.0
2021-09-09 06:00:00,750.5,751.0,750.0,750.0,4763.0
2021-09-09 05:00:00,750.0,750.0,747.02,749.9,13802.0
2021-09-08 20:00:00,752.0,752.5,751.46,751.55,22969.0
2021-09-08 19:00:00,753.35,753.35,752.0,752.0,10544.0
2021-09-08 18:00:00,753.35,753.5,752.91,753.25,11685.0
2021-09-08 17:00:00,753.87,753.87,752.2923,753.0,64194.0
2021-09-08 16:00:00,751.94,754.61,751.26,753.887,1776416.0
2021-09-08 15:00:00,750.01,754.4999,749.84,751.9701,1718576.0
2021-09-08 14:00:00,745.885,752.1,745.81,749.9,1788334.0
2021-09-08 13:00:00,742.75,747.9599,740.7733,745.85,1639397.0
2021-09-08 12:00:00,745.93,748.57,742.16,742.85,2675294.0
2021-09-08 11:00:00,755.58,761.0,745.4,745.98,4336140.0
2021-09-08 10:00:00,762.48,764.45,753.5,755.57,4000363.0
2021-09-08 09:00:00,758.5001,762.78,751.038,762.2,255822.0
2021-09-08 08:00:00,756.8,761.9,756.06,761.49,176838.0
2021-09-08 07:00:00,754.8,758.2,754.8,757.5,20051.0
2021-09-08 06:00:00,751.9,754.8,751.9,754.6,9056.0
2021-09-08 05:00:00,756.0,756.0,749.03,750.77,34115.0
2021-09-07 20:00:00,750.82,751.53,750.61,751.31,24501.0
2021-09-07 19:00:00,752.0,752.34,750.92,751.0,16611.0
2021-09-07 18:00:00,752.4,752.7999,752.4,752.5,3363.0
2021-09-07 17:00:00,752.92,753.35,751.51,752.0,395609.0
2021-09-07 16:00:00,754.92,755.6,751.29,752.74,2111370.0
2021-09-07 15:00:00,754.3,755.21,751.7272,754.8289,1306025.0
2021-09-07 14:00:00,750.661,754.62,750.03,754.25,1191105.0
2021-09-07 13:00:00,750.72,753.3499,749.13,750.6072,1691672.0
2021-09-07 12:00:00,754.99,755.2799,748.7141,750.74,3023055.0
2021-09-07 11:00:00,754.45,760.2,753.1,754.977,4072860.0
2021-09-07 10:00:00,740.99,756.43,739.26,754.2,5433735.0
2021-09-07 09:00:00,736.1878,742.5,736.0,741.44,226382.0
2021-09-07 08:00:00,735.9,737.0,735.9,737.0,19180.0
2021-09-07 07:00:00,735.57,735.57,735.31,735.31,1073.0
2021-09-07 06:00:00,737.36,737.36,735.0,735.14,7281.0
2021-09-07 05:00:00,735.36,739.0,735.36,737.0,21987.0
2021-09-03 20:00:00,733.0,734.5,733.0,734.5,16256.0
2021-09-03 19:00:00,732.77,733.0,732.77,733.0,6316.0
2021-09-03 18:00:00,733.41,733.45,732.51,732.77,19039.0
2021-09-03 17:00:00,733.57,733.99,733.08,733.4,710651.0
2021-09-03 16:00:00,726.81,734.0,726.76,733.75,2727856.0
2021-09-03 15:00:00,726.47,727.5,725.6,726.78,1092011.0
2021-09-03 14:00:00,730.08,730.92,725.53,726.4401,1498361.0
2021-09-03 13:00:00,726.07,730.48,724.2,730.15,2128395.0
2021-09-03 12:00:00,730.2599,730.2599,725.5,726.04,1995173.0
2021-09-03 11:00:00,731.87,733.35,728.36,730.205,2340224.0
2021-09-03 10:00:00,734.99,734.99,727.6,731.95,2273658.0
2021-09-03 09:00:00,733.1933,737.5,732.0,735.0,119242.0
2021-09-03 08:00:00,731.7,735.35,731.7,734.2,35966.0
2021-09-03 07:00:00,730.8,731.75,730.8,731.0,2380.0
2021-09-03 06:00:00,730.0,731.0,729.54,730.0,9301.0
2021-09-03 05:00:00,737.1,737.1,729.0,729.9,33039.0
2021-09-02 20:00:00,732.42,733.79,732.26,733.3,8938.0
2021-09-02 19:00:00,732.01,732.7,732.0,732.32,7169.0
2021-09-02 18:00:00,732.57,733.18,732.36,732.39,14922.0
2021-09-02 17:00:00,732.39,733.15,731.1,732.5,122426.0
2021-09-02 16:00:00,732.54,734.31,730.54,732.39,2144252.0
2021-09-02 15:00:00,734.403,734.66,731.01,732.55,1802564.0
2021-09-02 14:00:00,737.7233,738.45,733.42,734.38,1261707.0
2021-09-02 13:00:00,739.173,739.77,736.8,737.8166,988699.0
2021-09-02 12:00:00,739.72,740.97,737.2601,739.2,1737193.0
2021-09-02 11:00:00,736.2,739.88,734.4234,739.7199,2101148.0
2021-09-02 10:00:00,734.35,738.59,732.38,736.1,2135781.0
2021-09-02 09:00:00,729.0,735.25,727.65,734.83,66826.0
2021-09-02 08:00:00,727.97,733.0,727.5,732.0,43856.0
2021-09-02 07:00:00,727.0,727.96,726.01,727.96,6600.0
2021-09-02 06:00:00,730.36,730.36,727.41,727.41,7349.0
2021-09-02 05:00:00,732.99,732.99,730.42,730.42,6081.0
2021-09-01 20:00:00,731.75,732.0,731.0,731.2,19968.0
2021-09-01 19:00:00,731.58,732.52,731.09,731.85,21668.0
2021-09-01 18:00:00,732.17,733.0,731.95,731.95,18769.0
2021-09-01 17:00:00,734.09,734.49,731.75,732.4,146614.0
2021-09-01 16:00:00,733.56,735.8,732.54,734.08,1553467.0
2021-09-01 15:00:00,737.1,738.02,731.2701,733.7435,1437767.0
2021-09-01 14:00:00,735.55,737.6199,734.93,737.0359,936775.0
2021-09-01 13:00:00,736.84,736.84,733.4,735.5533,1192483.0
2021-09-01 12:00:00,738.62,739.6,736.15,736.885,1080440.0
2021-09-01 11:00:00,739.08,741.99,736.26,738.5832,2965444.0
2021-09-01 10:00:00,734.2,741.08,731.59,738.99,2931850.0
2021-09-01 09:00:00,735.72,736.49,733.4,734.4,66437.0
2021-09-01 08:00:00,733.02,736.49,732.5,735.72,50520.0
2021-09-01 07:00:00,732.5,733.28,731.86,733.28,3796.0
2021-09-01 06:00:00,734.37,734.95,730.0,732.0,19604.0
2021-09-01 05:00:00,736.7,737.0,734.48,734.48,15959.0
2021-08-31 20:00:00,734.0,734.15,733.55,734.0,17035.0
2021-08-31 19:00:00,734.2,734.7,733.8,734.0,6960.0
2021-08-31 18:00:00,735.35,735.72,733.86,734.1,296447.0
2021-08-31 17:00:00,735.72,736.27,734.6,735.1,1061991.0
2021-08-31 16:00:00,737.39,737.66,728.32,735.76,4075848.0
2021-08-31 15:00:00,737.1345,738.26,736.0,737.22,1091359.0
2021-08-31 14:00:00,738.33,739.17,735.5601,737.1953,1126616.0
2021-08-31 13:00:00,737.8688,738.6913,734.54,738.31,1330513.0
2021-08-31 12:00:00,739.67,740.39,735.15,737.81,1970191.0
2021-08-31 11:00:00,728.88,740.0,728.58,739.55,4287738.0
2021-08-31 10:00:00,729.42,736.95,726.44,729.18,3079811.0
2021-08-31 09:00:00,731.367,732.8,729.0,729.4,103499.0
2021-08-31 08:00:00,730.0,732.18,729.6,731.5,74205.0
2021-08-31 07:00:00,734.53,734.53,729.0,729.95,26944.0
2021-08-31 06:00:00,735.63,735.63,734.5,734.67,5986.0
2021-08-31 05:00:00,734.0,736.5,733.61,735.62,18124.0
2021-08-30 20:00:00,734.21,734.5,733.25,734.0,44973.0
2021-08-30 19:00:00,734.38,734.7,734.03,734.35,17204.0
2021-08-30 18:00:00,733.8,734.98,733.11,734.33,46121.0
2021-08-30 17:00:00,730.94,737.35,730.07,733.81,314986.0
2021-08-30 16:00:00,729.05,731.0,726.9,730.83,3014917.0
2021-08-30 15:00:00,725.74,731.0,724.33,729.011,2167706.0
2021-08-30 14:00:00,724.8946,726.37,722.04,725.65,1340452.0
2021-08-30 13:00:00,728.71,730.0,723.83,724.8401,2323804.0
2021-08-30 12:00:00,722.18,728.8,721.84,728.66,2704305.0
2021-08-30 11:00:00,718.19,723.53,716.2501,722.11,2365010.0
2021-08-30 10:00:00,714.7,726.0,712.73,718.06,3823276.0
2021-08-30 09:00:00,714.0,715.0,713.0001,714.76,42278.0
2021-08-30 08:00:00,714.5,714.93,712.32,713.9,28415.0
2021-08-30 07:00:00,715.6,715.6,715.13,715.13,4107.0
2021-08-30 06:00:00,715.0,715.4,715.0,715.4,4369.0
2021-08-30 05:00:00,714.0,715.5,714.0,715.1,10728.0
